"LOCATION","INDICATOR","SUBJECT","MEASURE","FREQUENCY","TIME","Value","Flag Codes"
"AUS","TAXCORP","TOT","PC_GDP","A","2000",6.159,
"AUS","TAXCORP","TOT","PC_GDP","A","2001",4.346,
"AUS","TAXCORP","TOT","PC_GDP","A","2002",4.947,
"AUS","TAXCORP","TOT","PC_GDP","A","2003",4.963,
"AUS","TAXCORP","TOT","PC_GDP","A","2004",5.471,
"AUS","TAXCORP","TOT","PC_GDP","A","2005",5.758,
"AUS","TAXCORP","TOT","PC_GDP","A","2006",6.382,
"AUS","TAXCORP","TOT","PC_GDP","A","2007",6.812,
"AUS","TAXCORP","TOT","PC_GDP","A","2008",5.829,
"AUS","TAXCORP","TOT","PC_GDP","A","2009",4.759,
"AUS","TAXCORP","TOT","PC_GDP","A","2010",4.683,
"AUS","TAXCORP","TOT","PC_GDP","A","2011",5.172,
"AUS","TAXCORP","TOT","PC_GDP","A","2012",5.165,
"AUS","TAXCORP","TOT","PC_GDP","A","2013",4.931,
"AUS","TAXCORP","TOT","PC_GDP","A","2014",4.688,
"AUT","TAXCORP","TOT","PC_GDP","A","2000",1.95,
"AUT","TAXCORP","TOT","PC_GDP","A","2001",2.962,
"AUT","TAXCORP","TOT","PC_GDP","A","2002",2.135,
"AUT","TAXCORP","TOT","PC_GDP","A","2003",2.099,
"AUT","TAXCORP","TOT","PC_GDP","A","2004",2.185,
"AUT","TAXCORP","TOT","PC_GDP","A","2005",2.152,
"AUT","TAXCORP","TOT","PC_GDP","A","2006",2.111,
"AUT","TAXCORP","TOT","PC_GDP","A","2007",2.345,
"AUT","TAXCORP","TOT","PC_GDP","A","2008",2.382,
"AUT","TAXCORP","TOT","PC_GDP","A","2009",1.636,
"AUT","TAXCORP","TOT","PC_GDP","A","2010",1.873,
"AUT","TAXCORP","TOT","PC_GDP","A","2011",2.002,
"AUT","TAXCORP","TOT","PC_GDP","A","2012",2.012,
"AUT","TAXCORP","TOT","PC_GDP","A","2013",2.159,
"AUT","TAXCORP","TOT","PC_GDP","A","2014",2.122,
"AUT","TAXCORP","TOT","PC_GDP","A","2015",2.255,
"BEL","TAXCORP","TOT","PC_GDP","A","2000",3.13,
"BEL","TAXCORP","TOT","PC_GDP","A","2001",3.042,
"BEL","TAXCORP","TOT","PC_GDP","A","2002",2.958,
"BEL","TAXCORP","TOT","PC_GDP","A","2003",2.798,
"BEL","TAXCORP","TOT","PC_GDP","A","2004",3.008,
"BEL","TAXCORP","TOT","PC_GDP","A","2005",3.15,
"BEL","TAXCORP","TOT","PC_GDP","A","2006",3.478,
"BEL","TAXCORP","TOT","PC_GDP","A","2007",3.408,
"BEL","TAXCORP","TOT","PC_GDP","A","2008",3.273,
"BEL","TAXCORP","TOT","PC_GDP","A","2009",2.325,
"BEL","TAXCORP","TOT","PC_GDP","A","2010",2.533,
"BEL","TAXCORP","TOT","PC_GDP","A","2011",2.815,
"BEL","TAXCORP","TOT","PC_GDP","A","2012",3.001,
"BEL","TAXCORP","TOT","PC_GDP","A","2013",3.11,
"BEL","TAXCORP","TOT","PC_GDP","A","2014",3.219,
"BEL","TAXCORP","TOT","PC_GDP","A","2015",3.386,
"CAN","TAXCORP","TOT","PC_GDP","A","2000",4.245,
"CAN","TAXCORP","TOT","PC_GDP","A","2001",3.153,
"CAN","TAXCORP","TOT","PC_GDP","A","2002",2.924,
"CAN","TAXCORP","TOT","PC_GDP","A","2003",3.147,
"CAN","TAXCORP","TOT","PC_GDP","A","2004",3.392,
"CAN","TAXCORP","TOT","PC_GDP","A","2005",3.338,
"CAN","TAXCORP","TOT","PC_GDP","A","2006",3.733,
"CAN","TAXCORP","TOT","PC_GDP","A","2007",3.4,
"CAN","TAXCORP","TOT","PC_GDP","A","2008",3.279,
"CAN","TAXCORP","TOT","PC_GDP","A","2009",3.328,
"CAN","TAXCORP","TOT","PC_GDP","A","2010",3.21,
"CAN","TAXCORP","TOT","PC_GDP","A","2011",3.133,
"CAN","TAXCORP","TOT","PC_GDP","A","2012",3.15,
"CAN","TAXCORP","TOT","PC_GDP","A","2013",3.285,
"CAN","TAXCORP","TOT","PC_GDP","A","2014",3.29,
"CAN","TAXCORP","TOT","PC_GDP","A","2015",3.129,
"CZE","TAXCORP","TOT","PC_GDP","A","2000",3.211,
"CZE","TAXCORP","TOT","PC_GDP","A","2001",3.683,
"CZE","TAXCORP","TOT","PC_GDP","A","2002",3.99,
"CZE","TAXCORP","TOT","PC_GDP","A","2003",4.261,
"CZE","TAXCORP","TOT","PC_GDP","A","2004",4.226,
"CZE","TAXCORP","TOT","PC_GDP","A","2005",4.162,
"CZE","TAXCORP","TOT","PC_GDP","A","2006",4.402,
"CZE","TAXCORP","TOT","PC_GDP","A","2007",4.488,
"CZE","TAXCORP","TOT","PC_GDP","A","2008",4.055,
"CZE","TAXCORP","TOT","PC_GDP","A","2009",3.399,
"CZE","TAXCORP","TOT","PC_GDP","A","2010",3.243,
"CZE","TAXCORP","TOT","PC_GDP","A","2011",3.216,
"CZE","TAXCORP","TOT","PC_GDP","A","2012",3.331,
"CZE","TAXCORP","TOT","PC_GDP","A","2013",3.427,
"CZE","TAXCORP","TOT","PC_GDP","A","2014",3.522,
"CZE","TAXCORP","TOT","PC_GDP","A","2015",3.559,
"DNK","TAXCORP","TOT","PC_GDP","A","2000",3.176,
"DNK","TAXCORP","TOT","PC_GDP","A","2001",2.712,
"DNK","TAXCORP","TOT","PC_GDP","A","2002",2.795,
"DNK","TAXCORP","TOT","PC_GDP","A","2003",2.806,
"DNK","TAXCORP","TOT","PC_GDP","A","2004",2.897,
"DNK","TAXCORP","TOT","PC_GDP","A","2005",3.429,
"DNK","TAXCORP","TOT","PC_GDP","A","2006",3.681,
"DNK","TAXCORP","TOT","PC_GDP","A","2007",3.144,
"DNK","TAXCORP","TOT","PC_GDP","A","2008",2.554,
"DNK","TAXCORP","TOT","PC_GDP","A","2009",1.911,
"DNK","TAXCORP","TOT","PC_GDP","A","2010",2.273,
"DNK","TAXCORP","TOT","PC_GDP","A","2011",2.187,
"DNK","TAXCORP","TOT","PC_GDP","A","2012",2.616,
"DNK","TAXCORP","TOT","PC_GDP","A","2013",2.762,
"DNK","TAXCORP","TOT","PC_GDP","A","2014",2.648,
"DNK","TAXCORP","TOT","PC_GDP","A","2015",2.643,
"FIN","TAXCORP","TOT","PC_GDP","A","2000",5.719,
"FIN","TAXCORP","TOT","PC_GDP","A","2001",4.04,
"FIN","TAXCORP","TOT","PC_GDP","A","2002",4.038,
"FIN","TAXCORP","TOT","PC_GDP","A","2003",3.267,
"FIN","TAXCORP","TOT","PC_GDP","A","2004",3.38,
"FIN","TAXCORP","TOT","PC_GDP","A","2005",3.192,
"FIN","TAXCORP","TOT","PC_GDP","A","2006",3.253,
"FIN","TAXCORP","TOT","PC_GDP","A","2007",3.731,
"FIN","TAXCORP","TOT","PC_GDP","A","2008",3.341,
"FIN","TAXCORP","TOT","PC_GDP","A","2009",1.93,
"FIN","TAXCORP","TOT","PC_GDP","A","2010",2.437,
"FIN","TAXCORP","TOT","PC_GDP","A","2011",2.617,
"FIN","TAXCORP","TOT","PC_GDP","A","2012",2.109,
"FIN","TAXCORP","TOT","PC_GDP","A","2013",2.36,
"FIN","TAXCORP","TOT","PC_GDP","A","2014",1.926,
"FIN","TAXCORP","TOT","PC_GDP","A","2015",2.174,
"FRA","TAXCORP","TOT","PC_GDP","A","2000",2.976,
"FRA","TAXCORP","TOT","PC_GDP","A","2001",3.266,
"FRA","TAXCORP","TOT","PC_GDP","A","2002",2.784,
"FRA","TAXCORP","TOT","PC_GDP","A","2003",2.417,
"FRA","TAXCORP","TOT","PC_GDP","A","2004",2.682,
"FRA","TAXCORP","TOT","PC_GDP","A","2005",2.352,
"FRA","TAXCORP","TOT","PC_GDP","A","2006",2.893,
"FRA","TAXCORP","TOT","PC_GDP","A","2007",2.891,
"FRA","TAXCORP","TOT","PC_GDP","A","2008",2.839,
"FRA","TAXCORP","TOT","PC_GDP","A","2009",1.43,
"FRA","TAXCORP","TOT","PC_GDP","A","2010",2.335,
"FRA","TAXCORP","TOT","PC_GDP","A","2011",2.626,
"FRA","TAXCORP","TOT","PC_GDP","A","2012",2.59,
"FRA","TAXCORP","TOT","PC_GDP","A","2013",2.639,
"FRA","TAXCORP","TOT","PC_GDP","A","2014",2.321,
"FRA","TAXCORP","TOT","PC_GDP","A","2015",2.112,
"DEU","TAXCORP","TOT","PC_GDP","A","2000",1.752,
"DEU","TAXCORP","TOT","PC_GDP","A","2001",0.581,
"DEU","TAXCORP","TOT","PC_GDP","A","2002",0.983,
"DEU","TAXCORP","TOT","PC_GDP","A","2003",1.228,
"DEU","TAXCORP","TOT","PC_GDP","A","2004",1.503,
"DEU","TAXCORP","TOT","PC_GDP","A","2005",1.737,
"DEU","TAXCORP","TOT","PC_GDP","A","2006",2.11,
"DEU","TAXCORP","TOT","PC_GDP","A","2007",2.178,
"DEU","TAXCORP","TOT","PC_GDP","A","2008",1.894,
"DEU","TAXCORP","TOT","PC_GDP","A","2009",1.322,
"DEU","TAXCORP","TOT","PC_GDP","A","2010",1.49,
"DEU","TAXCORP","TOT","PC_GDP","A","2011",1.679,
"DEU","TAXCORP","TOT","PC_GDP","A","2012",1.72,
"DEU","TAXCORP","TOT","PC_GDP","A","2013",1.787,
"DEU","TAXCORP","TOT","PC_GDP","A","2014",1.743,
"DEU","TAXCORP","TOT","PC_GDP","A","2015",1.744,
"GRC","TAXCORP","TOT","PC_GDP","A","2000",3.989,
"GRC","TAXCORP","TOT","PC_GDP","A","2001",3.241,
"GRC","TAXCORP","TOT","PC_GDP","A","2002",3.239,
"GRC","TAXCORP","TOT","PC_GDP","A","2003",2.804,
"GRC","TAXCORP","TOT","PC_GDP","A","2004",2.868,
"GRC","TAXCORP","TOT","PC_GDP","A","2005",3.213,
"GRC","TAXCORP","TOT","PC_GDP","A","2006",2.611,
"GRC","TAXCORP","TOT","PC_GDP","A","2007",2.451,
"GRC","TAXCORP","TOT","PC_GDP","A","2008",2.428,
"GRC","TAXCORP","TOT","PC_GDP","A","2009",2.51,
"GRC","TAXCORP","TOT","PC_GDP","A","2010",2.529,
"GRC","TAXCORP","TOT","PC_GDP","A","2011",2.069,
"GRC","TAXCORP","TOT","PC_GDP","A","2012",1.092,
"GRC","TAXCORP","TOT","PC_GDP","A","2013",1.148,
"GRC","TAXCORP","TOT","PC_GDP","A","2014",1.883,
"HUN","TAXCORP","TOT","PC_GDP","A","2000",2.199,
"HUN","TAXCORP","TOT","PC_GDP","A","2001",2.289,
"HUN","TAXCORP","TOT","PC_GDP","A","2002",2.278,
"HUN","TAXCORP","TOT","PC_GDP","A","2003",2.17,
"HUN","TAXCORP","TOT","PC_GDP","A","2004",2.135,
"HUN","TAXCORP","TOT","PC_GDP","A","2005",2.073,
"HUN","TAXCORP","TOT","PC_GDP","A","2006",2.299,
"HUN","TAXCORP","TOT","PC_GDP","A","2007",2.744,
"HUN","TAXCORP","TOT","PC_GDP","A","2008",2.589,
"HUN","TAXCORP","TOT","PC_GDP","A","2009",2.205,
"HUN","TAXCORP","TOT","PC_GDP","A","2010",1.219,
"HUN","TAXCORP","TOT","PC_GDP","A","2011",1.203,
"HUN","TAXCORP","TOT","PC_GDP","A","2012",1.286,
"HUN","TAXCORP","TOT","PC_GDP","A","2013",1.384,
"HUN","TAXCORP","TOT","PC_GDP","A","2014",1.467,
"HUN","TAXCORP","TOT","PC_GDP","A","2015",1.855,
"ISL","TAXCORP","TOT","PC_GDP","A","2000",1.191,
"ISL","TAXCORP","TOT","PC_GDP","A","2001",1.013,
"ISL","TAXCORP","TOT","PC_GDP","A","2002",0.86,
"ISL","TAXCORP","TOT","PC_GDP","A","2003",1.204,
"ISL","TAXCORP","TOT","PC_GDP","A","2004",0.997,
"ISL","TAXCORP","TOT","PC_GDP","A","2005",1.924,
"ISL","TAXCORP","TOT","PC_GDP","A","2006",2.349,
"ISL","TAXCORP","TOT","PC_GDP","A","2007",2.387,
"ISL","TAXCORP","TOT","PC_GDP","A","2008",1.847,
"ISL","TAXCORP","TOT","PC_GDP","A","2009",1.667,
"ISL","TAXCORP","TOT","PC_GDP","A","2010",0.903,
"ISL","TAXCORP","TOT","PC_GDP","A","2011",1.734,
"ISL","TAXCORP","TOT","PC_GDP","A","2012",1.914,
"ISL","TAXCORP","TOT","PC_GDP","A","2013",2.155,
"ISL","TAXCORP","TOT","PC_GDP","A","2014",3.358,
"ISL","TAXCORP","TOT","PC_GDP","A","2015",2.907,
"IRL","TAXCORP","TOT","PC_GDP","A","2000",3.598,
"IRL","TAXCORP","TOT","PC_GDP","A","2001",3.407,
"IRL","TAXCORP","TOT","PC_GDP","A","2002",3.539,
"IRL","TAXCORP","TOT","PC_GDP","A","2003",3.546,
"IRL","TAXCORP","TOT","PC_GDP","A","2004",3.421,
"IRL","TAXCORP","TOT","PC_GDP","A","2005",3.238,
"IRL","TAXCORP","TOT","PC_GDP","A","2006",3.614,
"IRL","TAXCORP","TOT","PC_GDP","A","2007",3.241,
"IRL","TAXCORP","TOT","PC_GDP","A","2008",2.704,
"IRL","TAXCORP","TOT","PC_GDP","A","2009",2.293,
"IRL","TAXCORP","TOT","PC_GDP","A","2010",2.36,
"IRL","TAXCORP","TOT","PC_GDP","A","2011",2.168,
"IRL","TAXCORP","TOT","PC_GDP","A","2012",2.256,
"IRL","TAXCORP","TOT","PC_GDP","A","2013",2.371,
"IRL","TAXCORP","TOT","PC_GDP","A","2014",2.391,
"IRL","TAXCORP","TOT","PC_GDP","A","2015",2.687,
"ITA","TAXCORP","TOT","PC_GDP","A","2000",2.8,
"ITA","TAXCORP","TOT","PC_GDP","A","2001",3.371,
"ITA","TAXCORP","TOT","PC_GDP","A","2002",2.997,
"ITA","TAXCORP","TOT","PC_GDP","A","2003",2.661,
"ITA","TAXCORP","TOT","PC_GDP","A","2004",2.707,
"ITA","TAXCORP","TOT","PC_GDP","A","2005",2.246,
"ITA","TAXCORP","TOT","PC_GDP","A","2006",2.771,
"ITA","TAXCORP","TOT","PC_GDP","A","2007",3.139,
"ITA","TAXCORP","TOT","PC_GDP","A","2008",2.926,
"ITA","TAXCORP","TOT","PC_GDP","A","2009",2.381,
"ITA","TAXCORP","TOT","PC_GDP","A","2010",2.29,
"ITA","TAXCORP","TOT","PC_GDP","A","2011",2.186,
"ITA","TAXCORP","TOT","PC_GDP","A","2012",2.393,
"ITA","TAXCORP","TOT","PC_GDP","A","2013",2.567,
"ITA","TAXCORP","TOT","PC_GDP","A","2014",2.187,
"ITA","TAXCORP","TOT","PC_GDP","A","2015",2.06,
"JPN","TAXCORP","TOT","PC_GDP","A","2000",3.665,
"JPN","TAXCORP","TOT","PC_GDP","A","2001",3.473,
"JPN","TAXCORP","TOT","PC_GDP","A","2002",3.135,
"JPN","TAXCORP","TOT","PC_GDP","A","2003",3.297,
"JPN","TAXCORP","TOT","PC_GDP","A","2004",3.71,
"JPN","TAXCORP","TOT","PC_GDP","A","2005",4.236,
"JPN","TAXCORP","TOT","PC_GDP","A","2006",4.763,
"JPN","TAXCORP","TOT","PC_GDP","A","2007",4.79,
"JPN","TAXCORP","TOT","PC_GDP","A","2008",3.894,
"JPN","TAXCORP","TOT","PC_GDP","A","2009",2.578,
"JPN","TAXCORP","TOT","PC_GDP","A","2010",3.199,
"JPN","TAXCORP","TOT","PC_GDP","A","2011",3.366,
"JPN","TAXCORP","TOT","PC_GDP","A","2012",3.669,
"JPN","TAXCORP","TOT","PC_GDP","A","2013",4.018,
"JPN","TAXCORP","TOT","PC_GDP","A","2014",4.143,
"JPN","TAXCORP","TOT","PC_GDP","A","2015",4.261,
"KOR","TAXCORP","TOT","PC_GDP","A","2000",3.034,
"KOR","TAXCORP","TOT","PC_GDP","A","2001",2.672,
"KOR","TAXCORP","TOT","PC_GDP","A","2002",2.797,
"KOR","TAXCORP","TOT","PC_GDP","A","2003",3.471,
"KOR","TAXCORP","TOT","PC_GDP","A","2004",3.131,
"KOR","TAXCORP","TOT","PC_GDP","A","2005",3.592,
"KOR","TAXCORP","TOT","PC_GDP","A","2006",3.371,
"KOR","TAXCORP","TOT","PC_GDP","A","2007",3.735,
"KOR","TAXCORP","TOT","PC_GDP","A","2008",3.93,
"KOR","TAXCORP","TOT","PC_GDP","A","2009",3.411,
"KOR","TAXCORP","TOT","PC_GDP","A","2010",3.225,
"KOR","TAXCORP","TOT","PC_GDP","A","2011",3.718,
"KOR","TAXCORP","TOT","PC_GDP","A","2012",3.685,
"KOR","TAXCORP","TOT","PC_GDP","A","2013",3.392,
"KOR","TAXCORP","TOT","PC_GDP","A","2014",3.156,
"KOR","TAXCORP","TOT","PC_GDP","A","2015",3.242,
"LUX","TAXCORP","TOT","PC_GDP","A","2000",6.7,
"LUX","TAXCORP","TOT","PC_GDP","A","2001",7.016,
"LUX","TAXCORP","TOT","PC_GDP","A","2002",7.776,
"LUX","TAXCORP","TOT","PC_GDP","A","2003",7.313,
"LUX","TAXCORP","TOT","PC_GDP","A","2004",5.68,
"LUX","TAXCORP","TOT","PC_GDP","A","2005",5.895,
"LUX","TAXCORP","TOT","PC_GDP","A","2006",5.029,
"LUX","TAXCORP","TOT","PC_GDP","A","2007",5.377,
"LUX","TAXCORP","TOT","PC_GDP","A","2008",5.321,
"LUX","TAXCORP","TOT","PC_GDP","A","2009",5.722,
"LUX","TAXCORP","TOT","PC_GDP","A","2010",5.846,
"LUX","TAXCORP","TOT","PC_GDP","A","2011",5.088,
"LUX","TAXCORP","TOT","PC_GDP","A","2012",5.181,
"LUX","TAXCORP","TOT","PC_GDP","A","2013",4.754,
"LUX","TAXCORP","TOT","PC_GDP","A","2014",4.376,
"LUX","TAXCORP","TOT","PC_GDP","A","2015",4.381,
"NLD","TAXCORP","TOT","PC_GDP","A","2000",4.049,
"NLD","TAXCORP","TOT","PC_GDP","A","2001",3.944,
"NLD","TAXCORP","TOT","PC_GDP","A","2002",3.343,
"NLD","TAXCORP","TOT","PC_GDP","A","2003",2.862,
"NLD","TAXCORP","TOT","PC_GDP","A","2004",3.105,
"NLD","TAXCORP","TOT","PC_GDP","A","2005",3.434,
"NLD","TAXCORP","TOT","PC_GDP","A","2006",3.449,
"NLD","TAXCORP","TOT","PC_GDP","A","2007",3.432,
"NLD","TAXCORP","TOT","PC_GDP","A","2008",3.314,
"NLD","TAXCORP","TOT","PC_GDP","A","2009",2.153,
"NLD","TAXCORP","TOT","PC_GDP","A","2010",2.31,
"NLD","TAXCORP","TOT","PC_GDP","A","2011",2.185,
"NLD","TAXCORP","TOT","PC_GDP","A","2012",2.123,
"NLD","TAXCORP","TOT","PC_GDP","A","2013",2.184,
"NLD","TAXCORP","TOT","PC_GDP","A","2014",2.578,
"NLD","TAXCORP","TOT","PC_GDP","A","2015",2.724,
"NZL","TAXCORP","TOT","PC_GDP","A","2000",4.022,
"NZL","TAXCORP","TOT","PC_GDP","A","2001",3.636,
"NZL","TAXCORP","TOT","PC_GDP","A","2002",4.142,
"NZL","TAXCORP","TOT","PC_GDP","A","2003",4.508,
"NZL","TAXCORP","TOT","PC_GDP","A","2004",5.296,
"NZL","TAXCORP","TOT","PC_GDP","A","2005",6.046,
"NZL","TAXCORP","TOT","PC_GDP","A","2006",5.569,
"NZL","TAXCORP","TOT","PC_GDP","A","2007",4.795,
"NZL","TAXCORP","TOT","PC_GDP","A","2008",4.316,
"NZL","TAXCORP","TOT","PC_GDP","A","2009",3.339,
"NZL","TAXCORP","TOT","PC_GDP","A","2010",3.696,
"NZL","TAXCORP","TOT","PC_GDP","A","2011",3.94,
"NZL","TAXCORP","TOT","PC_GDP","A","2012",4.52,
"NZL","TAXCORP","TOT","PC_GDP","A","2013",4.401,
"NZL","TAXCORP","TOT","PC_GDP","A","2014",4.279,
"NZL","TAXCORP","TOT","PC_GDP","A","2015",4.417,
"NOR","TAXCORP","TOT","PC_GDP","A","2000",8.766,
"NOR","TAXCORP","TOT","PC_GDP","A","2001",8.717,
"NOR","TAXCORP","TOT","PC_GDP","A","2002",8.026,
"NOR","TAXCORP","TOT","PC_GDP","A","2003",7.914,
"NOR","TAXCORP","TOT","PC_GDP","A","2004",9.699,
"NOR","TAXCORP","TOT","PC_GDP","A","2005",11.531,
"NOR","TAXCORP","TOT","PC_GDP","A","2006",12.594,
"NOR","TAXCORP","TOT","PC_GDP","A","2007",10.802,
"NOR","TAXCORP","TOT","PC_GDP","A","2008",12.001,
"NOR","TAXCORP","TOT","PC_GDP","A","2009",9.02,
"NOR","TAXCORP","TOT","PC_GDP","A","2010",9.912,
"NOR","TAXCORP","TOT","PC_GDP","A","2011",10.814,
"NOR","TAXCORP","TOT","PC_GDP","A","2012",10.328,
"NOR","TAXCORP","TOT","PC_GDP","A","2013",8.261,
"NOR","TAXCORP","TOT","PC_GDP","A","2014",6.615,
"NOR","TAXCORP","TOT","PC_GDP","A","2015",4.525,
"POL","TAXCORP","TOT","PC_GDP","A","2000",2.39,
"POL","TAXCORP","TOT","PC_GDP","A","2001",1.79,
"POL","TAXCORP","TOT","PC_GDP","A","2002",1.975,
"POL","TAXCORP","TOT","PC_GDP","A","2003",1.75,
"POL","TAXCORP","TOT","PC_GDP","A","2004",1.954,
"POL","TAXCORP","TOT","PC_GDP","A","2005",2.138,
"POL","TAXCORP","TOT","PC_GDP","A","2006",2.391,
"POL","TAXCORP","TOT","PC_GDP","A","2007",2.724,
"POL","TAXCORP","TOT","PC_GDP","A","2008",2.7,
"POL","TAXCORP","TOT","PC_GDP","A","2009",2.255,
"POL","TAXCORP","TOT","PC_GDP","A","2010",1.946,
"POL","TAXCORP","TOT","PC_GDP","A","2011",2.02,
"POL","TAXCORP","TOT","PC_GDP","A","2012",2.079,
"POL","TAXCORP","TOT","PC_GDP","A","2013",1.772,
"POL","TAXCORP","TOT","PC_GDP","A","2014",1.747,
"PRT","TAXCORP","TOT","PC_GDP","A","2000",3.693,
"PRT","TAXCORP","TOT","PC_GDP","A","2001",3.224,
"PRT","TAXCORP","TOT","PC_GDP","A","2002",3.254,
"PRT","TAXCORP","TOT","PC_GDP","A","2003",2.729,
"PRT","TAXCORP","TOT","PC_GDP","A","2004",2.808,
"PRT","TAXCORP","TOT","PC_GDP","A","2005",2.604,
"PRT","TAXCORP","TOT","PC_GDP","A","2006",2.83,
"PRT","TAXCORP","TOT","PC_GDP","A","2007",3.461,
"PRT","TAXCORP","TOT","PC_GDP","A","2008",3.514,
"PRT","TAXCORP","TOT","PC_GDP","A","2009",2.747,
"PRT","TAXCORP","TOT","PC_GDP","A","2010",2.734,
"PRT","TAXCORP","TOT","PC_GDP","A","2011",3.134,
"PRT","TAXCORP","TOT","PC_GDP","A","2012",2.745,
"PRT","TAXCORP","TOT","PC_GDP","A","2013",3.256,
"PRT","TAXCORP","TOT","PC_GDP","A","2014",2.842,
"PRT","TAXCORP","TOT","PC_GDP","A","2015",3.158,
"SVK","TAXCORP","TOT","PC_GDP","A","2000",2.573,
"SVK","TAXCORP","TOT","PC_GDP","A","2001",2.561,
"SVK","TAXCORP","TOT","PC_GDP","A","2002",2.484,
"SVK","TAXCORP","TOT","PC_GDP","A","2003",2.701,
"SVK","TAXCORP","TOT","PC_GDP","A","2004",2.542,
"SVK","TAXCORP","TOT","PC_GDP","A","2005",2.676,
"SVK","TAXCORP","TOT","PC_GDP","A","2006",2.85,
"SVK","TAXCORP","TOT","PC_GDP","A","2007",2.919,
"SVK","TAXCORP","TOT","PC_GDP","A","2008",3.055,
"SVK","TAXCORP","TOT","PC_GDP","A","2009",2.471,
"SVK","TAXCORP","TOT","PC_GDP","A","2010",2.462,
"SVK","TAXCORP","TOT","PC_GDP","A","2011",2.412,
"SVK","TAXCORP","TOT","PC_GDP","A","2012",2.368,
"SVK","TAXCORP","TOT","PC_GDP","A","2013",2.868,
"SVK","TAXCORP","TOT","PC_GDP","A","2014",3.307,
"SVK","TAXCORP","TOT","PC_GDP","A","2015",3.535,
"ESP","TAXCORP","TOT","PC_GDP","A","2000",3.033,
"ESP","TAXCORP","TOT","PC_GDP","A","2001",2.767,
"ESP","TAXCORP","TOT","PC_GDP","A","2002",3.082,
"ESP","TAXCORP","TOT","PC_GDP","A","2003",3.088,
"ESP","TAXCORP","TOT","PC_GDP","A","2004",3.463,
"ESP","TAXCORP","TOT","PC_GDP","A","2005",3.862,
"ESP","TAXCORP","TOT","PC_GDP","A","2006",4.136,
"ESP","TAXCORP","TOT","PC_GDP","A","2007",4.72,
"ESP","TAXCORP","TOT","PC_GDP","A","2008",2.854,
"ESP","TAXCORP","TOT","PC_GDP","A","2009",2.321,
"ESP","TAXCORP","TOT","PC_GDP","A","2010",1.94,
"ESP","TAXCORP","TOT","PC_GDP","A","2011",1.865,
"ESP","TAXCORP","TOT","PC_GDP","A","2012",2.201,
"ESP","TAXCORP","TOT","PC_GDP","A","2013",2.149,
"ESP","TAXCORP","TOT","PC_GDP","A","2014",2.071,
"ESP","TAXCORP","TOT","PC_GDP","A","2015",2.418,
"SWE","TAXCORP","TOT","PC_GDP","A","2000",3.687,
"SWE","TAXCORP","TOT","PC_GDP","A","2001",2.628,
"SWE","TAXCORP","TOT","PC_GDP","A","2002",2.127,
"SWE","TAXCORP","TOT","PC_GDP","A","2003",2.266,
"SWE","TAXCORP","TOT","PC_GDP","A","2004",2.862,
"SWE","TAXCORP","TOT","PC_GDP","A","2005",3.508,
"SWE","TAXCORP","TOT","PC_GDP","A","2006",3.461,
"SWE","TAXCORP","TOT","PC_GDP","A","2007",3.516,
"SWE","TAXCORP","TOT","PC_GDP","A","2008",2.823,
"SWE","TAXCORP","TOT","PC_GDP","A","2009",2.829,
"SWE","TAXCORP","TOT","PC_GDP","A","2010",3.29,
"SWE","TAXCORP","TOT","PC_GDP","A","2011",3.092,
"SWE","TAXCORP","TOT","PC_GDP","A","2012",2.572,
"SWE","TAXCORP","TOT","PC_GDP","A","2013",2.651,
"SWE","TAXCORP","TOT","PC_GDP","A","2014",2.708,
"SWE","TAXCORP","TOT","PC_GDP","A","2015",2.994,
"CHE","TAXCORP","TOT","PC_GDP","A","2000",3.799,
"CHE","TAXCORP","TOT","PC_GDP","A","2001",2.901,
"CHE","TAXCORP","TOT","PC_GDP","A","2002",2.939,
"CHE","TAXCORP","TOT","PC_GDP","A","2003",2.594,
"CHE","TAXCORP","TOT","PC_GDP","A","2004",2.709,
"CHE","TAXCORP","TOT","PC_GDP","A","2005",3.026,
"CHE","TAXCORP","TOT","PC_GDP","A","2006",3.471,
"CHE","TAXCORP","TOT","PC_GDP","A","2007",3.548,
"CHE","TAXCORP","TOT","PC_GDP","A","2008",2.946,
"CHE","TAXCORP","TOT","PC_GDP","A","2009",2.82,
"CHE","TAXCORP","TOT","PC_GDP","A","2010",2.692,
"CHE","TAXCORP","TOT","PC_GDP","A","2011",2.817,
"CHE","TAXCORP","TOT","PC_GDP","A","2012",2.79,
"CHE","TAXCORP","TOT","PC_GDP","A","2013",2.797,
"CHE","TAXCORP","TOT","PC_GDP","A","2014",2.814,
"CHE","TAXCORP","TOT","PC_GDP","A","2015",3.048,
"TUR","TAXCORP","TOT","PC_GDP","A","2000",1.761,
"TUR","TAXCORP","TOT","PC_GDP","A","2001",1.777,
"TUR","TAXCORP","TOT","PC_GDP","A","2002",1.761,
"TUR","TAXCORP","TOT","PC_GDP","A","2003",2.066,
"TUR","TAXCORP","TOT","PC_GDP","A","2004",1.746,
"TUR","TAXCORP","TOT","PC_GDP","A","2005",1.722,
"TUR","TAXCORP","TOT","PC_GDP","A","2006",1.471,
"TUR","TAXCORP","TOT","PC_GDP","A","2007",1.631,
"TUR","TAXCORP","TOT","PC_GDP","A","2008",1.778,
"TUR","TAXCORP","TOT","PC_GDP","A","2009",1.892,
"TUR","TAXCORP","TOT","PC_GDP","A","2010",1.904,
"TUR","TAXCORP","TOT","PC_GDP","A","2011",2.08,
"TUR","TAXCORP","TOT","PC_GDP","A","2012",2.048,
"TUR","TAXCORP","TOT","PC_GDP","A","2013",1.85,
"TUR","TAXCORP","TOT","PC_GDP","A","2014",1.849,
"TUR","TAXCORP","TOT","PC_GDP","A","2015",1.71,
"GBR","TAXCORP","TOT","PC_GDP","A","2000",3.188,
"GBR","TAXCORP","TOT","PC_GDP","A","2001",3.134,
"GBR","TAXCORP","TOT","PC_GDP","A","2002",2.588,
"GBR","TAXCORP","TOT","PC_GDP","A","2003",2.479,
"GBR","TAXCORP","TOT","PC_GDP","A","2004",2.612,
"GBR","TAXCORP","TOT","PC_GDP","A","2005",3.029,
"GBR","TAXCORP","TOT","PC_GDP","A","2006",3.589,
"GBR","TAXCORP","TOT","PC_GDP","A","2007",3.12,
"GBR","TAXCORP","TOT","PC_GDP","A","2008",3.3,
"GBR","TAXCORP","TOT","PC_GDP","A","2009",2.55,
"GBR","TAXCORP","TOT","PC_GDP","A","2010",2.844,
"GBR","TAXCORP","TOT","PC_GDP","A","2011",2.866,
"GBR","TAXCORP","TOT","PC_GDP","A","2012",2.661,
"GBR","TAXCORP","TOT","PC_GDP","A","2013",2.506,
"GBR","TAXCORP","TOT","PC_GDP","A","2014",2.399,
"GBR","TAXCORP","TOT","PC_GDP","A","2015",2.454,
"USA","TAXCORP","TOT","PC_GDP","A","2000",2.23,
"USA","TAXCORP","TOT","PC_GDP","A","2001",1.567,
"USA","TAXCORP","TOT","PC_GDP","A","2002",1.429,
"USA","TAXCORP","TOT","PC_GDP","A","2003",1.822,
"USA","TAXCORP","TOT","PC_GDP","A","2004",2.231,
"USA","TAXCORP","TOT","PC_GDP","A","2005",2.86,
"USA","TAXCORP","TOT","PC_GDP","A","2006",3.069,
"USA","TAXCORP","TOT","PC_GDP","A","2007",2.667,
"USA","TAXCORP","TOT","PC_GDP","A","2008",1.694,
"USA","TAXCORP","TOT","PC_GDP","A","2009",1.377,
"USA","TAXCORP","TOT","PC_GDP","A","2010",1.785,
"USA","TAXCORP","TOT","PC_GDP","A","2011",1.767,
"USA","TAXCORP","TOT","PC_GDP","A","2012",2.025,
"USA","TAXCORP","TOT","PC_GDP","A","2013",2.127,
"USA","TAXCORP","TOT","PC_GDP","A","2014",2.181,
"USA","TAXCORP","TOT","PC_GDP","A","2015",2.195,
"EST","TAXCORP","TOT","PC_GDP","A","2000",0.885,
"EST","TAXCORP","TOT","PC_GDP","A","2001",0.685,
"EST","TAXCORP","TOT","PC_GDP","A","2002",1.108,
"EST","TAXCORP","TOT","PC_GDP","A","2003",1.583,
"EST","TAXCORP","TOT","PC_GDP","A","2004",1.66,
"EST","TAXCORP","TOT","PC_GDP","A","2005",1.417,
"EST","TAXCORP","TOT","PC_GDP","A","2006",1.476,
"EST","TAXCORP","TOT","PC_GDP","A","2007",1.607,
"EST","TAXCORP","TOT","PC_GDP","A","2008",1.612,
"EST","TAXCORP","TOT","PC_GDP","A","2009",1.812,
"EST","TAXCORP","TOT","PC_GDP","A","2010",1.316,
"EST","TAXCORP","TOT","PC_GDP","A","2011",1.206,
"EST","TAXCORP","TOT","PC_GDP","A","2012",1.402,
"EST","TAXCORP","TOT","PC_GDP","A","2013",1.718,
"EST","TAXCORP","TOT","PC_GDP","A","2014",1.727,
"EST","TAXCORP","TOT","PC_GDP","A","2015",2.074,
"ISR","TAXCORP","TOT","PC_GDP","A","2000",3.335,
"ISR","TAXCORP","TOT","PC_GDP","A","2001",2.983,
"ISR","TAXCORP","TOT","PC_GDP","A","2002",2.44,
"ISR","TAXCORP","TOT","PC_GDP","A","2003",2.524,
"ISR","TAXCORP","TOT","PC_GDP","A","2004",2.937,
"ISR","TAXCORP","TOT","PC_GDP","A","2005",3.418,
"ISR","TAXCORP","TOT","PC_GDP","A","2006",4.345,
"ISR","TAXCORP","TOT","PC_GDP","A","2007",4.095,
"ISR","TAXCORP","TOT","PC_GDP","A","2008",3.174,
"ISR","TAXCORP","TOT","PC_GDP","A","2009",2.525,
"ISR","TAXCORP","TOT","PC_GDP","A","2010",2.638,
"ISR","TAXCORP","TOT","PC_GDP","A","2011",2.951,
"ISR","TAXCORP","TOT","PC_GDP","A","2012",2.703,
"ISR","TAXCORP","TOT","PC_GDP","A","2013",3.47,
"ISR","TAXCORP","TOT","PC_GDP","A","2014",3.196,
"ISR","TAXCORP","TOT","PC_GDP","A","2015",3.013,
"SVN","TAXCORP","TOT","PC_GDP","A","2000",1.141,
"SVN","TAXCORP","TOT","PC_GDP","A","2001",1.234,
"SVN","TAXCORP","TOT","PC_GDP","A","2002",1.536,
"SVN","TAXCORP","TOT","PC_GDP","A","2003",1.703,
"SVN","TAXCORP","TOT","PC_GDP","A","2004",1.89,
"SVN","TAXCORP","TOT","PC_GDP","A","2005",2.718,
"SVN","TAXCORP","TOT","PC_GDP","A","2006",2.916,
"SVN","TAXCORP","TOT","PC_GDP","A","2007",3.176,
"SVN","TAXCORP","TOT","PC_GDP","A","2008",2.46,
"SVN","TAXCORP","TOT","PC_GDP","A","2009",1.803,
"SVN","TAXCORP","TOT","PC_GDP","A","2010",1.843,
"SVN","TAXCORP","TOT","PC_GDP","A","2011",1.655,
"SVN","TAXCORP","TOT","PC_GDP","A","2012",1.24,
"SVN","TAXCORP","TOT","PC_GDP","A","2013",1.207,
"SVN","TAXCORP","TOT","PC_GDP","A","2014",1.417,
"SVN","TAXCORP","TOT","PC_GDP","A","2015",1.474,
"OAVG","TAXCORP","TOT","PC_GDP","A","2000",3.285,
"OAVG","TAXCORP","TOT","PC_GDP","A","2001",2.99,
"OAVG","TAXCORP","TOT","PC_GDP","A","2002",2.916,
"OAVG","TAXCORP","TOT","PC_GDP","A","2003",2.898,
"OAVG","TAXCORP","TOT","PC_GDP","A","2004",3.062,
"OAVG","TAXCORP","TOT","PC_GDP","A","2005",3.36,
"OAVG","TAXCORP","TOT","PC_GDP","A","2006",3.615,
"OAVG","TAXCORP","TOT","PC_GDP","A","2007",3.646,
"OAVG","TAXCORP","TOT","PC_GDP","A","2008",3.328,
"OAVG","TAXCORP","TOT","PC_GDP","A","2009",2.689,
"OAVG","TAXCORP","TOT","PC_GDP","A","2010",2.737,
"OAVG","TAXCORP","TOT","PC_GDP","A","2011",2.864,
"OAVG","TAXCORP","TOT","PC_GDP","A","2012",2.866,
"OAVG","TAXCORP","TOT","PC_GDP","A","2013",2.855,
"OAVG","TAXCORP","TOT","PC_GDP","A","2014",2.814,
"MEX","TAXCORP","TOT","PC_GDP","A","2002",1.734,
"MEX","TAXCORP","TOT","PC_GDP","A","2003",1.591,
"MEX","TAXCORP","TOT","PC_GDP","A","2004",1.362,
"MEX","TAXCORP","TOT","PC_GDP","A","2005",1.441,
"MEX","TAXCORP","TOT","PC_GDP","A","2006",1.63,
"MEX","TAXCORP","TOT","PC_GDP","A","2007",1.911,
"MEX","TAXCORP","TOT","PC_GDP","A","2008",1.751,
"MEX","TAXCORP","TOT","PC_GDP","A","2009",1.588,
"MEX","TAXCORP","TOT","PC_GDP","A","2010",1.86,
"MEX","TAXCORP","TOT","PC_GDP","A","2011",2.087,
"MEX","TAXCORP","TOT","PC_GDP","A","2012",1.849,
"MEX","TAXCORP","TOT","PC_GDP","A","2013",2.439,
"MEX","TAXCORP","TOT","PC_GDP","A","2014",2.564,
"MEX","TAXCORP","TOT","PC_GDP","A","2015",3.277,
"CHL","TAXCORP","TOT","PC_GDP","A","2000",2.097,
"CHL","TAXCORP","TOT","PC_GDP","A","2001",1.966,
"CHL","TAXCORP","TOT","PC_GDP","A","2002",1.969,
"CHL","TAXCORP","TOT","PC_GDP","A","2003",2.366,
"CHL","TAXCORP","TOT","PC_GDP","A","2004",3.221,
"CHL","TAXCORP","TOT","PC_GDP","A","2005",4.581,
"CHL","TAXCORP","TOT","PC_GDP","A","2006",6.291,
"CHL","TAXCORP","TOT","PC_GDP","A","2007",6.695,
"CHL","TAXCORP","TOT","PC_GDP","A","2008",5.121,
"CHL","TAXCORP","TOT","PC_GDP","A","2009",4.262,
"CHL","TAXCORP","TOT","PC_GDP","A","2010",4.008,
"CHL","TAXCORP","TOT","PC_GDP","A","2011",4.963,
"CHL","TAXCORP","TOT","PC_GDP","A","2012",5.86,
"CHL","TAXCORP","TOT","PC_GDP","A","2013",4.402,
"CHL","TAXCORP","TOT","PC_GDP","A","2014",4.199,
"CHL","TAXCORP","TOT","PC_GDP","A","2015",4.914,
"LVA","TAXCORP","TOT","PC_GDP","A","2000",1.532,
"LVA","TAXCORP","TOT","PC_GDP","A","2001",1.878,
"LVA","TAXCORP","TOT","PC_GDP","A","2002",1.955,
"LVA","TAXCORP","TOT","PC_GDP","A","2003",1.448,
"LVA","TAXCORP","TOT","PC_GDP","A","2004",1.677,
"LVA","TAXCORP","TOT","PC_GDP","A","2005",1.898,
"LVA","TAXCORP","TOT","PC_GDP","A","2006",2.127,
"LVA","TAXCORP","TOT","PC_GDP","A","2007",2.528,
"LVA","TAXCORP","TOT","PC_GDP","A","2008",2.989,
"LVA","TAXCORP","TOT","PC_GDP","A","2009",1.552,
"LVA","TAXCORP","TOT","PC_GDP","A","2010",0.979,
"LVA","TAXCORP","TOT","PC_GDP","A","2011",1.406,
"LVA","TAXCORP","TOT","PC_GDP","A","2012",1.622,
"LVA","TAXCORP","TOT","PC_GDP","A","2013",1.624,
"LVA","TAXCORP","TOT","PC_GDP","A","2014",1.542,
"LVA","TAXCORP","TOT","PC_GDP","A","2015",1.594,
